genus	n	not_in_gtdb	bins	gtdb_genera	ari	identical
Acetivibrio	6	1	3	4	0.5946	0
Acetobacter	34	3	1	1	nan	1
Acetobacterium	8	0	1	1	nan	1
Acholeplasma	7	0	3	2	0.2759	0
Achromobacter	20	5	1	2	0.0	0
Acidaminococcus	6	0	1	1	nan	1
Acidianus	6	0	1	2	0.0	0
Acidicapsa	3	1	1	1	nan	1
Acidihalobacter	4	0	1	2	0.0	0
Acidiphilium	5	0	1	1	nan	1
Acidipropionibacterium	5	0	1	2	0.0	0
Acidisoma	3	1	1	1	nan	1
Acidithiobacillus	15	1	1	4	0.0	0
Acidocella	4	1	1	1	nan	1
Acidovorax	10	2	1	4	0.0	0
Acinetobacter	99	5	1	1	nan	1
Acrocarpospora	5	0	1	1	nan	1
Actibacterium	6	0	1	5	0.0	0
Actinacidiphila	15	0	1	1	nan	1
Actinoallomurus	10	1	1	1	nan	1
Actinoalloteichus	5	0	1	2	0.0	0
Actinobacillus	15	0	2	6	0.1159	0
Actinocatenispora	4	0	1	1	nan	1
Actinocorallia	5	2	1	1	nan	1
Actinokineospora	16	1	1	1	nan	1
Actinomadura	66	1	2	5	0.3775	0
Actinomyces	45	0	6	4	0.8302	0
Actinomycetospora	18	0	1	1	nan	1
Actinophytocola	6	1	1	1	nan	1
Actinoplanes	32	1	1	1	nan	1
Actinopolymorpha	5	0	1	1	nan	1
Actinopolyspora	8	1	1	1	nan	1
Actinotalea	8	2	1	1	nan	1
Actinotignum	10	1	1	1	nan	1
Acuticoccus	4	1	1	1	nan	1
Adhaeribacter	10	0	2	2	1.0	0
Adlercreutzia	11	1	2	4	0.4898	0
Advenella	5	1	1	1	nan	1
Aedoeadaptatus	6	0	1	1	nan	1
Aequorivita	21	0	1	1	nan	1
Aeribacillus	4	0	1	4	0.0	0
Aerococcus	12	1	5	1	0.0	0
Aeromicrobium	24	0	1	1	nan	1
Aeromonas	34	4	1	1	nan	1
Aestuariibaculum	4	1	1	1	nan	1
Aestuariivivens	4	0	1	1	nan	1
Affinirhizobium	6	1	1	1	nan	1
Affinundibacterium	9	0	1	1	nan	1
Afipia	7	1	1	1	nan	1
Agarivorans	5	0	1	1	nan	1
Agathobaculum	6	0	1	1	nan	1
Aggregatibacter	4	0	1	1	nan	1
Agrobacterium	17	2	1	2	0.0	0
Agrococcus	14	0	2	1	0.0	0
Agromyces	48	1	1	1	nan	1
Albidovulum	9	0	1	1	nan	1
Alcaligenes	7	1	1	1	nan	1
Alcanivorax	9	0	1	3	0.0	0
Algibacter	11	0	1	5	0.0	0
Algoriphagus	44	0	1	1	nan	1
Aliarcobacter	9	0	1	1	nan	1
Alicyclobacillus	18	0	5	4	0.5204	0
Aliidiomarina	13	0	2	1	0.0	0
Aliikangiella	3	2	1	1	nan	1
Aliiroseovarius	12	0	1	2	0.0	0
Aliivibrio	4	5	1	2	0.0	0
Alishewanella	6	0	1	1	nan	1
Alistipes	17	0	3	3	1.0	0
Alkalibacillus	7	0	1	1	nan	1
Alkalibacterium	9	1	1	1	nan	1
Alkalicoccobacillus	4	0	1	1	nan	1
Alkalicoccus	5	1	1	1	nan	1
Alkalihalobacillus	6	0	3	3	1.0	0
Alkalihalobacterium	4	0	1	2	0.0	0
Alkalimonas	4	1	1	1	nan	1
Alkaliphilus	8	1	4	5	0.7113	0
Alloalcanivorax	8	0	1	1	nan	1
Allobosea	13	1	1	1	nan	1
Allochromatium	5	0	1	1	nan	1
Allofrancisella	3	1	1	1	nan	1
Allorhizobium	4	1	1	2	0.0	0
Alloscardovia	5	0	1	1	nan	1
Allosphingosinicella	6	0	1	1	nan	1
Allostigmatella	4	0	1	1	nan	1
Alteraurantiacibacter	5	0	1	1	nan	1
Altererythrobacter	7	1	1	1	nan	1
Alteribacter	6	0	1	1	nan	1
Altericroceibacterium	4	0	1	2	0.0	0
Alteromonas	27	1	2	2	1.0	0
Aminobacter	6	0	1	1	nan	1
Amnibacterium	5	0	2	2	1.0	0
Amphibacillus	6	0	1	4	0.0	0
Amphritea	5	0	1	1	nan	1
Amycolatopsis	88	2	1	3	0.0	0
Anabaena	6	0	1	4	0.0	0
Anaerobacillus	4	1	1	1	nan	1
Anaerococcus	24	0	3	1	0.0	0
Anaerocolumna	6	0	2	1	0.0	0
Anaeromyxobacter	7	0	1	3	0.0	0
Anaerostipes	6	0	1	1	nan	1
Anaerotignum	3	1	1	2	0.0	0
Anaplasma	7	0	3	1	0.0	0
Ancylobacter	20	0	1	1	nan	1
Ancylomarina	4	0	1	2	0.0	0
Aneurinibacillus	9	0	1	3	0.0	0
Anoxybacillus	12	0	2	2	1.0	0
Anoxybacteroides	4	0	1	1	nan	1
Antarctobacter	4	1	1	2	0.0	0
Antrihabitans	5	0	1	1	nan	1
Aphanothece	4	0	2	3	0.5714	0
Apibacter	4	0	1	1	nan	1
Apilactobacillus	14	0	1	1	nan	1
Aquabacterium	7	0	2	2	1.0	0
Aquamicrobium	7	1	1	2	0.0	0
Aquibacillus	8	0	1	5	0.0	0
Aquibium	4	0	1	1	nan	1
Aquimarina	33	1	2	1	0.0	0
Aquipseudomonas	4	0	1	1	nan	1
Aquirufa	14	0	1	1	nan	1
Aquitalea	6	0	1	1	nan	1
Arachidicoccus	5	0	1	1	nan	1
Arcanobacterium	12	0	4	2	0.5629	0
Archaeoglobus	5	0	4	4	1.0	0
Archangium	5	1	1	1	nan	1
Arcicella	6	0	1	1	nan	1
Arcobacter	18	0	2	5	-0.1306	0
Arcticibacter	4	0	1	1	nan	1
Arenibacter	15	0	1	1	nan	1
Arenimonas	11	2	1	1	nan	1
Aromatoleum	11	0	1	1	nan	1
Arsenicicoccus	4	0	1	1	nan	1
Arsenophonus	4	0	1	1	nan	1
Arsukibacterium	4	0	1	1	nan	1
Arthrobacter	79	8	4	13	0.5625	0
Asaia	5	3	1	1	nan	1
Asanoa	5	0	1	1	nan	1
Asticcacaulis	11	0	1	1	nan	1
Aurantiacibacter	17	0	1	1	nan	1
Aurantimonas	6	0	1	1	nan	1
Aureibaculum	6	0	1	1	nan	1
Aureimonas	13	0	2	2	-0.1375	0
Autumnicola	7	0	1	1	nan	1
Avibacterium	5	0	1	1	nan	1
Azohydromonas	5	0	1	2	0.0	0
Azospirillum	28	2	1	1	nan	1
Azotobacter	4	3	1	1	nan	1
Bacillus	118	14	26	41	0.9676	0
Bacteroides	54	4	2	3	0.4031	0
Bartonella	53	2	1	1	nan	1
Bathymodiolus	5	0	2	2	1.0	0
Bdellovibrio	4	0	1	1	nan	1
Belliella	9	0	1	1	nan	1
Belnapia	4	0	1	1	nan	1
Bergeyella	4	0	1	3	0.0	0
Bhargavaea	6	0	1	1	nan	1
Bifidobacterium	105	4	2	3	0.7302	0
Billgrantia	17	1	1	1	nan	1
Bizionia	7	1	1	2	0.0	0
Blastococcus	17	0	1	2	0.0	0
Blastomonas	4	0	1	1	nan	1
Blautia	27	2	5	4	0.9175	0
Bombella	8	0	1	1	nan	1
Bombilactobacillus	6	0	1	1	nan	1
Bordetella	14	3	1	3	0.0	0
Borrelia	14	2	1	1	nan	1
Borreliella	17	0	1	1	nan	1
Bowmanella	3	1	1	1	nan	1
Brachybacterium	28	1	1	1	nan	1
Brachyspira	11	0	1	1	nan	1
Bradyrhizobium	86	4	1	2	0.0	0
Brenneria	12	0	1	2	0.0	0
Brevibacillus	32	2	3	9	0.6076	0
Brevibacterium	40	0	5	1	0.0	0
Brevundimonas	40	0	1	1	nan	1
Brucella	26	1	1	1	nan	1
Brumimicrobium	5	0	1	1	nan	1
Burkholderia	46	0	1	1	nan	1
Buttiauxella	9	0	1	1	nan	1
Butyricicoccus	4	0	3	3	1.0	0
Butyricimonas	7	0	1	1	nan	1
Caballeronia	26	0	1	1	nan	1
Caenimonas	5	0	1	1	nan	1
Caldalkalibacillus	4	1	3	3	1.0	0
Caldicellulosiruptor	10	0	1	1	nan	1
Caldimonas	8	1	1	1	nan	1
Calidithermus	4	0	1	1	nan	1
Caloramator	5	0	3	3	1.0	0
Campylobacter	55	0	11	6	0.8159	0
Capnocytophaga	15	0	3	1	0.0	0
Carboxydothermus	4	0	1	1	nan	1
Carboxylicivirga	10	0	1	1	nan	1
Carnobacterium	11	1	1	3	0.0	0
Castellaniella	6	0	1	1	nan	1
Catellatospora	10	0	1	1	nan	1
Catenovulum	4	0	1	1	nan	1
Catenulispora	6	0	1	1	nan	1
Catenuloplanes	5	0	1	1	nan	1
Caulobacter	13	0	1	1	nan	1
Cedecea	5	0	1	2	0.0	0
Celeribacter	10	0	1	1	nan	1
Celerinatantimonas	4	0	1	1	nan	1
Cellulomonas	46	4	1	4	0.0	0
Cellulophaga	6	0	1	1	nan	1
Cellulosimicrobium	7	0	1	1	nan	1
Cellvibrio	7	0	1	1	nan	1
Centipeda	8	0	1	1	nan	1
Cerasicoccus	4	0	1	1	nan	1
Cereibacter	6	0	1	2	0.0	0
Chelativorans	8	0	1	1	nan	1
Chelatococcus	6	0	2	3	0.5	0
Chitinibacter	4	0	1	1	nan	1
Chitinimonas	5	2	1	2	0.0	0
Chitinophaga	48	0	3	1	0.0	0
Chlamydia	17	0	1	1	nan	1
Chlorobaculum	4	0	1	1	nan	1
Chlorobium	4	0	1	1	nan	1
Christensenella	6	0	1	1	nan	1
Christiangramia	18	0	1	1	nan	1
Chromobacterium	16	0	1	1	nan	1
Chromohalobacter	7	0	1	1	nan	1
Chryseobacterium	133	4	1	4	0.0	0
Ciceribacter	5	0	1	1	nan	1
Citricoccus	5	0	1	1	nan	1
Citrobacter	21	0	1	5	0.0	0
Clavibacter	12	2	1	1	nan	1
Clostridium	157	7	46	45	0.5197	0
Cognatiluteimonas	5	0	1	1	nan	1
Cognatilysobacter	6	0	1	2	0.0	0
Cognatundibacterium	10	0	1	1	nan	1
Cohaesibacter	4	1	1	1	nan	1
Cohnella	37	0	2	1	0.0	0
Collimonas	7	0	1	1	nan	1
Collinsella	11	0	1	1	nan	1
Colwellia	11	2	1	3	0.0	0
Comamonas	30	2	2	4	0.2817	0
Commensalibacter	5	0	1	1	nan	1
Companilactobacillus	35	1	1	1	nan	1
Confluentibacter	4	0	1	1	nan	1
Coprococcus	7	0	3	4	0.8591	0
Coraliomargarita	4	0	1	4	0.0	0
Corallincola	4	0	1	1	nan	1
Corallococcus	13	1	1	2	0.0	0
Corynebacterium	182	1	16	1	0.0	0
Crenobacter	5	0	1	3	0.0	0
Croceibacterium	9	0	1	4	0.0	0
Croceicoccus	11	0	2	2	1.0	0
Croceitalea	4	0	1	1	nan	1
Cronobacter	7	0	1	1	nan	1
Cryobacterium	35	0	1	1	nan	1
Cryptosporangium	5	0	1	1	nan	1
Cupriavidus	28	1	1	1	nan	1
Curtobacterium	17	1	1	1	nan	1
Curvibacter	6	1	1	3	0.0	0
Cutibacterium	6	2	1	1	nan	1
Cyclobacterium	9	1	1	1	nan	1
Cytobacillus	17	1	1	2	0.0	0
Dactylosporangium	10	1	1	1	nan	1
Dechloromonas	5	0	1	1	nan	1
Deefgea	5	0	1	1	nan	1
Deferribacter	4	0	1	1	nan	1
Dehalogenimonas	4	0	1	1	nan	1
Deinococcus	90	1	5	4	0.4073	0
Delftia	4	0	1	1	nan	1
Demequina	26	0	2	1	0.0	0
Dermacoccus	4	0	1	1	nan	1
Desulfitobacterium	6	1	1	2	0.0	0
Desulfobacter	5	0	1	1	nan	1
Desulfobotulus	3	1	1	1	nan	1
Desulfobulbus	6	0	2	1	0.0	0
Desulfofundulus	7	0	1	2	0.0	0
Desulfogranum	3	1	1	1	nan	1
Desulfomicrobium	6	2	1	1	nan	1
Desulfonatronum	4	1	1	1	nan	1
Desulforamulus	7	1	1	1	nan	1
Desulfosarcina	4	1	1	1	nan	1
Desulfosporosinus	12	2	1	1	nan	1
Desulfovibrio	16	3	8	8	1.0	0
Desulfurivibrio	4	0	1	1	nan	1
Desulfurobacterium	3	2	1	2	0.0	0
Desulfuromonas	4	2	3	4	0.0	0
Dethiosulfovibrio	6	0	1	1	nan	1
Devosia	40	2	2	3	0.9928	0
Dialister	6	0	3	2	0.5872	0
Diaphorobacter	5	1	1	3	0.0	0
Dickeya	13	0	1	1	nan	1
Dictyobacter	5	2	1	1	nan	1
Dietzia	12	1	2	1	0.0	0
Dokdonella	6	0	1	2	0.0	0
Dokdonia	5	0	1	1	nan	1
Dolichospermum	5	0	1	1	nan	1
Domibacillus	9	0	1	1	nan	1
Dongia	5	0	4	3	0.4118	0
Dorea	6	1	1	5	0.0	0
Draconibacterium	5	0	1	1	nan	1
Dryocola	5	0	1	1	nan	1
Duganella	20	4	1	1	nan	1
Duncaniella	4	0	1	1	nan	1
Dyadobacter	29	1	1	1	nan	1
Dyella	34	4	1	6	0.0	0
Dysgonomonas	4	2	1	1	nan	1
Echinicola	10	1	1	1	nan	1
Ectobacillus	6	0	1	1	nan	1
Ectopseudomonas	8	1	1	1	nan	1
Ectothiorhodospira	7	0	1	1	nan	1
Edaphobacter	8	0	1	1	nan	1
Edwardsiella	5	0	1	1	nan	1
Effusibacillus	4	0	1	1	nan	1
Eggerthella	5	0	1	1	nan	1
Ehrlichia	7	0	2	2	1.0	0
Eikenella	5	0	1	1	nan	1
Elizabethkingia	7	0	1	1	nan	1
Empedobacter	5	0	1	1	nan	1
Emticicia	6	1	1	1	nan	1
Endozoicomonas	10	0	1	2	0.0	0
Enorma	5	0	1	1	nan	1
Ensifer	6	0	1	3	0.0	0
Enterobacter	28	0	1	1	nan	1
Enterocloster	5	1	1	1	nan	1
Enterococcus	63	8	5	13	0.5369	0
Enterovibrio	10	0	1	1	nan	1
Epilithonimonas	14	0	1	1	nan	1
Erwinia	22	2	1	1	nan	1
Erysipelothrix	10	0	5	1	0.0	0
Erythrobacter	21	0	1	3	0.0	0
Escherichia	6	0	1	1	nan	1
Eubacterium	16	0	11	12	0.8248	0
Evansella	6	0	1	2	0.0	0
Exiguobacterium	16	2	2	2	1.0	0
Facklamia	3	1	2	1	0.0	0
Faecalibacterium	12	0	1	1	nan	1
Faecalicatena	5	0	2	4	0.1379	0
Falsirhodobacter	4	0	1	1	nan	1
Falsiroseomonas	10	0	1	1	nan	1
Ferdinandcohnia	4	0	1	1	nan	1
Ferrimonas	11	0	2	1	0.0	0
Ferruginibacter	4	1	2	1	0.0	0
Fervidobacterium	7	0	1	2	0.0	0
Fibrella	7	0	1	1	nan	1
Fictibacillus	16	0	2	3	0.8992	0
Flagellimonas	48	0	1	3	0.0	0
Flammeovirga	6	0	1	1	nan	1
Flaviflexus	5	0	1	1	nan	1
Flavihumibacter	7	1	1	1	nan	1
Flavisolibacter	4	1	1	1	nan	1
Flavivirga	9	0	1	2	0.0	0
Flavobacterium	319	8	4	1	0.0	0
Flectobacillus	4	0	1	1	nan	1
Flexivirga	6	1	1	1	nan	1
Flintibacter	4	0	1	1	nan	1
Fodinibius	9	0	1	1	nan	1
Formosa	7	0	1	1	nan	1
Francisella	15	0	1	1	nan	1
Frankia	8	0	1	2	0.0	0
Frateuria	7	0	1	3	0.0	0
Frondihabitans	4	0	1	1	nan	1
Fructilactobacillus	11	0	2	1	0.0	0
Fructobacillus	13	0	1	1	nan	1
Fulvimarina	6	0	1	1	nan	1
Fulvivirga	10	1	2	1	0.0	0
Fundidesulfovibrio	5	1	1	1	nan	1
Furfurilactobacillus	4	2	1	1	nan	1
Fusibacter	3	2	3	3	nan	0
Fusobacterium	20	2	4	4	1.0	0
Gaetbulibacter	4	0	1	4	0.0	0
Galbibacter	5	0	1	1	nan	1
Gallaecimonas	4	1	1	1	nan	1
Gallibacterium	5	0	1	1	nan	1
Gardnerella	15	4	1	1	nan	1
Gelidibacter	8	0	1	1	nan	1
Gemella	5	3	1	1	nan	1
Gemmata	4	0	1	1	nan	1
Gemmobacter	12	0	1	2	0.0	0
Geobacillus	11	1	1	1	nan	1
Geobacter	8	1	1	2	0.0	0
Geodermatophilus	20	0	1	1	nan	1
Geomonas	14	0	1	1	nan	1
Georgenia	15	1	2	5	0.5168	0
Geothrix	12	0	1	1	nan	1
Gilliamella	6	0	1	1	nan	1
Gillisia	6	0	1	1	nan	1
Gilvimarinus	7	0	1	1	nan	1
Gimesia	8	0	1	1	nan	1
Gluconacetobacter	13	0	1	2	0.0	0
Gluconobacter	17	0	1	1	nan	1
Glutamicibacter	12	1	1	1	nan	1
Glycomyces	21	3	1	1	nan	1
Gordonia	59	0	2	2	1.0	0
Gottfriedia	4	0	1	1	nan	1
Gracilibacillus	21	1	1	1	nan	1
Gracilimonas	6	0	1	1	nan	1
Granulicatella	3	1	2	1	0.0	0
Granulicella	9	0	2	2	1.0	0
Grimontia	6	0	1	1	nan	1
Gryllotalpicola	6	0	1	1	nan	1
Gulosibacter	6	0	1	1	nan	1
Guptibacillus	4	0	1	1	nan	1
Gymnodinialimonas	5	0	1	1	nan	1
Haemophilus	10	0	1	4	0.0	0
Haladaptatus	7	3	1	1	nan	1
Halalkalibacter	11	2	1	2	0.0	0
Halalkalicoccus	5	1	1	1	nan	1
Halanaerobium	7	1	1	1	nan	1
Halarchaeum	5	0	1	1	nan	1
Halarcobacter	4	0	1	1	nan	1
Hallella	7	0	1	1	nan	1
Haloarchaeobius	10	0	1	1	nan	1
Haloarcula	30	2	1	1	nan	1
Halobacillus	24	0	1	3	0.0	0
Halobacterium	9	1	1	1	nan	1
Halobaculum	11	0	1	1	nan	1
Halobellus	13	0	1	1	nan	1
Halocatena	4	0	1	1	nan	1
Halococcus	9	1	1	1	nan	1
Halodesulfovibrio	3	1	1	1	nan	1
Haloechinothrix	4	0	1	2	0.0	0
Haloferax	17	0	1	1	nan	1
Haloferula	5	0	1	1	nan	1
Halogeometricum	6	0	1	1	nan	1
Haloglomus	4	0	1	1	nan	1
Halogranum	3	1	1	1	nan	1
Haloimpatiens	4	0	1	1	nan	1
Halolamina	5	1	1	1	nan	1
Halomarina	7	0	1	1	nan	1
Halomicrobium	5	0	1	1	nan	1
Halomonas	65	6	1	5	0.0	0
Halonotius	4	0	1	1	nan	1
Halopiger	4	1	1	3	0.0	0
Haloplanus	13	0	1	1	nan	1
Haloprofundus	5	0	1	1	nan	1
Halopseudomonas	16	1	1	1	nan	1
Halorhabdus	5	0	1	1	nan	1
Halorhodospira	4	0	1	1	nan	1
Halorientalis	7	1	1	1	nan	1
Halorubrum	40	8	1	1	nan	1
Halorussus	17	0	1	1	nan	1
Halosimplex	11	0	1	1	nan	1
Halostella	4	0	1	1	nan	1
Haloterrigena	6	0	1	1	nan	1
Halovenus	7	1	1	1	nan	1
Halovivax	5	0	1	1	nan	1
Hansschlegelia	4	0	1	1	nan	1
Hanstruepera	4	0	1	1	nan	1
Hathewaya	4	0	2	1	0.0	0
Helcococcus	5	0	2	1	0.0	0
Helicobacter	58	2	12	10	0.8857	0
Heliomicrobium	3	1	1	1	nan	1
Henriciella	7	0	1	1	nan	1
Herbaspirillum	11	1	1	1	nan	1
Herbiconiux	13	0	1	1	nan	1
Herbidospora	7	0	1	1	nan	1
Herminiimonas	5	0	1	1	nan	1
Herpetosiphon	4	0	1	1	nan	1
Heyndrickxia	10	0	1	4	0.0	0
Hoeflea	5	0	2	2	1.0	0
Holospora	4	0	1	1	nan	1
Homoserinimonas	3	1	1	1	nan	1
Hoylesella	9	1	1	1	nan	1
Hoyosella	4	0	1	2	0.0	0
Hyalangium	4	0	1	2	0.0	0
Hydrogenimonas	4	0	1	1	nan	1
Hydrogenophaga	16	2	1	1	nan	1
Hydrogenovibrio	4	1	1	1	nan	1
Hymenobacter	108	9	1	2	0.0	0
Hyphobacterium	4	0	1	1	nan	1
Hyphococcus	5	0	1	1	nan	1
Hyphomicrobium	7	0	3	3	1.0	0
Hyphomonas	10	0	1	1	nan	1
Hyunsoonleella	7	0	1	2	0.0	0
Ideonella	11	0	1	1	nan	1
Idiomarina	14	0	1	1	nan	1
Ignatzschineria	5	0	1	1	nan	1
Inhella	4	0	1	1	nan	1
Intrasporangium	5	1	1	4	0.0	0
Iodobacter	4	0	1	1	nan	1
Isoptericola	14	1	1	1	nan	1
Janibacter	14	0	1	4	0.0	0
Jannaschia	14	0	1	1	nan	1
Janthinobacterium	28	1	1	1	nan	1
Jatrophihabitans	4	1	2	3	0.5714	0
Jeongeupia	4	0	1	1	nan	1
Jeotgalibaca	5	0	1	1	nan	1
Jeotgalibacillus	9	0	1	1	nan	1
Jeotgalicoccus	7	0	1	1	nan	1
Jiangella	11	0	1	1	nan	1
Jiella	9	0	1	2	0.0	0
Kaistella	18	0	1	1	nan	1
Kaistia	10	0	1	1	nan	1
Kangiella	10	0	1	1	nan	1
Kibdelosporangium	5	0	1	1	nan	1
Kiloniella	5	0	1	1	nan	1
Kineococcus	24	1	1	2	0.0	0
Kineosporia	5	0	1	1	nan	1
Kingella	7	0	1	6	0.0	0
Kitasatospora	36	1	1	2	0.0	0
Klebsiella	19	0	1	1	nan	1
Klenkia	6	0	1	1	nan	1
Kluyvera	7	1	1	1	nan	1
Knoellia	11	0	1	2	0.0	0
Kocuria	29	1	2	2	1.0	0
Komagataeibacter	13	1	1	1	nan	1
Kordia	6	0	1	1	nan	1
Kordiimonas	8	1	2	2	1.0	0
Kosakonia	10	2	1	1	nan	1
Kribbella	37	2	1	1	nan	1
Kroppenstedtia	4	0	1	2	0.0	0
Kurthia	6	1	1	1	nan	1
Kushneria	8	1	1	1	nan	1
Kutzneria	4	0	1	1	nan	1
Labedella	4	0	1	1	nan	1
Labilibaculum	3	1	1	1	nan	1
Labrys	7	0	1	1	nan	1
Laceyella	4	0	1	1	nan	1
Lachnoanaerobaculum	5	0	1	1	nan	1
Lachnospira	4	0	1	1	nan	1
Lacibacter	5	0	1	1	nan	1
Lacinutrix	8	4	2	2	-0.1034	0
Lacrimispora	10	1	1	1	nan	1
Lacticaseibacillus	34	3	3	1	0.0	0
Lactiplantibacillus	22	0	1	1	nan	1
Lactobacillus	48	1	5	3	0.0948	0
Lactococcus	15	0	1	1	nan	1
Lampropedia	4	0	1	1	nan	1
Lapidilactobacillus	8	1	1	1	nan	1
Larkinella	12	2	1	2	0.0	0
Latilactobacillus	5	1	1	1	nan	1
Leclercia	4	0	1	1	nan	1
Lederbergia	9	0	1	1	nan	1
Leeuwenhoekiella	8	1	1	1	nan	1
Legionella	66	2	5	6	0.9923	0
Leifsonia	10	1	1	3	0.0	0
Leisingera	7	0	1	1	nan	1
Lelliottia	4	1	1	1	nan	1
Lentibacillus	14	2	2	4	0.2222	0
Lentilactobacillus	19	2	1	1	nan	1
Lentzea	26	2	1	1	nan	1
Leptolyngbya	4	0	4	4	nan	0
Leptospira	73	0	3	3	1.0	0
Leptotrichia	10	0	1	1	nan	1
Leucobacter	30	4	2	2	1.0	0
Leuconostoc	18	0	1	2	0.0	0
Levilactobacillus	31	1	2	1	0.0	0
Ligilactobacillus	19	1	6	1	0.0	0
Limimaricola	5	1	1	1	nan	1
Limnobacter	7	0	1	1	nan	1
Limnobaculum	5	0	1	1	nan	1
Limnohabitans	5	0	1	2	0.0	0
Limosilactobacillus	35	2	3	1	0.0	0
Liquorilactobacillus	13	0	1	1	nan	1
Listeria	22	1	1	2	0.0	0
Litchfieldella	4	0	1	2	0.0	0
Litchfieldia	5	0	1	3	0.0	0
Litoreibacter	8	0	1	1	nan	1
Loigolactobacillus	8	0	1	1	nan	1
Loktanella	5	0	1	2	0.0	0
Longispora	3	1	1	1	nan	1
Lonsdalea	4	0	1	1	nan	1
Luteibacter	11	0	1	1	nan	1
Luteimonas	42	1	1	2	0.0	0
Luteococcus	4	1	1	1	nan	1
Luteolibacter	4	0	2	1	0.0	0
Lutibacter	10	0	1	1	nan	1
Lutimaribacter	4	0	1	2	0.0	0
Lutimonas	4	0	1	1	nan	1
Lysinibacillus	26	1	1	5	0.0	0
Lysobacter	30	8	2	11	0.023	0
Macrococcoides	4	0	1	1	nan	1
Macrococcus	12	0	1	2	0.0	0
Magnetospirillum	6	0	1	2	0.0	0
Malaciobacter	6	0	1	2	0.0	0
Mammaliicoccus	5	0	1	1	nan	1
Mangrovimonas	6	0	1	3	0.0	0
Mannheimia	10	0	1	2	0.0	0
Maribacter	37	0	1	5	0.0	0
Maribellus	5	0	1	1	nan	1
Maricaulis	5	0	1	1	nan	1
Maridesulfovibrio	7	1	1	1	nan	1
Marilutibacter	5	1	1	1	nan	1
Marinicella	8	0	3	2	0.3548	0
Marinifilum	4	0	1	1	nan	1
Mariniflexile	9	0	1	2	0.0	0
Marinimicrobium	5	0	1	3	0.0	0
Marinitoga	5	2	1	1	nan	1
Marinobacter	71	2	1	2	0.0	0
Marinobacterium	22	1	3	5	0.5596	0
Marinococcus	3	2	1	1	nan	1
Marinomonas	37	3	1	1	nan	1
Marinospirillum	6	0	1	1	nan	1
Mariprofundus	5	0	1	1	nan	1
Marisediminitalea	4	0	1	1	nan	1
Maritalea	4	0	1	1	nan	1
Maritimibacter	5	0	1	2	0.0	0
Marivirga	8	0	1	1	nan	1
Marivita	4	0	1	1	nan	1
Marivivens	4	0	1	2	0.0	0
Martelella	8	0	1	1	nan	1
Martinezella	9	0	1	1	nan	1
Massilia	51	2	2	4	-0.0943	0
Mediterraneibacter	7	3	1	3	0.0	0
Megasphaera	16	0	3	2	-0.1399	0
Meiothermus	7	0	1	1	nan	1
Meridianimarinicoccus	4	0	1	1	nan	1
Mesobacillus	12	0	1	4	0.0	0
Mesomycoplasma	11	0	6	3	0.3605	0
Mesonia	11	0	1	1	nan	1
Mesoplasma	13	0	3	4	0.8082	0
Mesorhizobium	64	3	1	10	0.0	0
Metabacillus	25	1	2	5	0.738	0
Metallosphaera	5	0	1	1	nan	1
Metamycoplasma	18	0	5	2	0.0767	0
Metapseudomonas	6	1	1	1	nan	1
Methanimicrococcus	4	0	1	1	nan	1
Methanobacterium	17	4	4	6	0.8411	0
Methanobrevibacter	16	0	5	8	0.8532	0
Methanocalculus	4	1	1	1	nan	1
Methanocaldococcus	8	0	1	1	nan	1
Methanococcoides	8	0	1	1	nan	1
Methanococcus	4	1	2	2	1.0	0
Methanocorpusculum	5	0	1	1	nan	1
Methanoculleus	16	0	1	2	0.0	0
Methanofollis	6	0	1	1	nan	1
Methanohalophilus	6	0	1	1	nan	1
Methanolobus	10	0	1	1	nan	1
Methanosarcina	15	2	1	2	0.0	0
Methanospirillum	4	0	2	1	0.0	0
Methanothermobacter	5	1	1	2	0.0	0
Methylobacillus	5	3	1	1	nan	1
Methylobacter	6	0	1	3	0.0	0
Methylobacterium	59	3	1	1	nan	1
Methylocapsa	4	0	1	1	nan	1
Methyloceanibacter	5	0	1	1	nan	1
Methylocystis	11	0	1	1	nan	1
Methylomonas	16	0	1	1	nan	1
Methylophaga	9	0	1	1	nan	1
Methylophilus	7	0	1	1	nan	1
Methylopila	5	0	1	1	nan	1
Methylorubrum	8	3	1	1	nan	1
Microbacterium	172	13	3	1	0.0	0
Microbispora	12	0	1	1	nan	1
Microbulbifer	32	1	1	1	nan	1
Microcella	9	0	1	1	nan	1
Micrococcus	11	0	1	2	0.0	0
Microcoleus	7	7	1	1	nan	1
Microcystis	5	0	1	1	nan	1
Microlunatus	15	0	5	1	0.0	0
Micromonospora	124	5	2	6	0.271	0
Microtetraspora	4	0	1	2	0.0	0
Microvirga	36	2	1	1	nan	1
Mixta	7	0	1	2	0.0	0
Mobiluncus	4	0	1	1	nan	1
Modestobacter	8	2	1	1	nan	1
Modicisalibacter	6	1	1	1	nan	1
Mogibacterium	5	0	2	2	1.0	0
Moraxella	25	0	2	2	1.0	0
Moritella	4	0	1	1	nan	1
Motilibacter	4	0	1	2	0.0	0
Motilimonas	4	0	1	1	nan	1
Mucilaginibacter	81	4	2	2	-0.0193	0
Mumia	6	0	1	1	nan	1
Muricoccus	6	0	1	1	nan	1
Myceligenerans	5	2	1	1	nan	1
Mycetocola	6	3	3	3	1.0	0
Mycobacterium	111	3	1	1	nan	1
Mycobacteroides	7	0	1	1	nan	1
Mycolicibacter	15	0	1	1	nan	1
Mycolicibacterium	88	6	1	1	nan	1
Mycoplana	4	0	1	1	nan	1
Mycoplasma	48	2	23	11	0.4261	0
Mycoplasmoides	6	0	4	2	0.1429	0
Mycoplasmopsis	43	1	21	4	0.0179	0
Myroides	12	0	1	1	nan	1
Myxococcus	12	0	1	1	nan	1
Nakamurella	11	0	4	1	0.0	0
Nannocystis	5	0	1	1	nan	1
Natrarchaeobius	4	0	1	1	nan	1
Natrialba	6	1	1	2	0.0	0
Natrinema	22	1	1	1	nan	1
Natronobacterium	4	0	1	1	nan	1
Natronococcus	7	0	1	1	nan	1
Natronomonas	10	0	1	1	nan	1
Natronorubrum	13	0	1	1	nan	1
Natronosalvus	6	0	1	1	nan	1
Neisseria	41	0	1	2	0.0	0
Neobacillus	31	2	1	4	0.0	0
Neolewinella	10	0	2	1	0.0	0
Neoluteolibacter	6	0	1	1	nan	1
Neomoorella	6	0	1	1	nan	1
Neorhizobium	13	0	1	1	nan	1
Neoroseomonas	8	0	1	1	nan	1
Neotamlana	4	0	1	1	nan	1
Neptuniibacter	4	0	1	1	nan	1
Neptunomonas	6	0	1	1	nan	1
Nesterenkonia	26	2	2	1	0.0	0
Niabella	10	2	1	1	nan	1
Niallia	8	2	2	2	1.0	0
Niastella	6	0	1	1	nan	1
Nioella	5	0	1	1	nan	1
Nisaea	4	0	1	1	nan	1
Nitratidesulfovibrio	4	0	1	2	0.0	0
Nitratireductor	14	1	2	3	0.0455	0
Nitrincola	9	0	1	1	nan	1
Nitrosococcus	4	0	1	1	nan	1
Nitrosomonas	12	2	2	1	0.0	0
Nitrosopumilus	7	0	1	1	nan	1
Nitrospira	5	2	2	4	0.1379	0
Nitrospirillum	9	0	1	1	nan	1
Niveispirillum	3	1	1	1	nan	1
Nocardia	119	8	1	1	nan	1
Nocardioides	161	16	6	6	0.2195	0
Nocardiopsis	45	7	1	5	0.0	0
Nodularia	4	0	1	1	nan	1
Nonlabens	11	0	1	1	nan	1
Nonomuraea	64	1	1	1	nan	1
Nostoc	14	0	1	3	0.0	0
Nostocoides	4	1	2	2	1.0	0
Novacetimonas	4	0	1	1	nan	1
Noviherbaspirillum	16	1	1	3	0.0	0
Novilysobacter	8	0	1	3	0.0	0
Novipirellula	7	0	1	2	0.0	0
Novosphingobium	69	0	3	1	0.0	0
Occallatibacter	4	0	1	1	nan	1
Occultella	4	0	1	1	nan	1
Oceaniglobus	4	0	1	1	nan	1
Oceanimonas	6	0	1	1	nan	1
Oceanisphaera	9	1	1	1	nan	1
Oceanobacillus	35	0	3	4	-0.126	0
Oceanospirillum	6	0	1	1	nan	1
Ochrobactrum	5	0	1	1	nan	1
Octadecabacter	6	0	1	1	nan	1
Oerskovia	9	0	1	2	0.0	0
Olivibacter	5	0	1	1	nan	1
Olleya	4	0	1	1	nan	1
Olsenella	9	0	2	8	0.0357	0
Orbus	5	0	1	1	nan	1
Oricola	4	0	1	1	nan	1
Ornithinibacillus	14	1	1	2	0.0	0
Ornithinimicrobium	18	1	2	1	0.0	0
Oscillibacter	4	0	1	1	nan	1
Ottowia	8	1	1	1	nan	1
Oxalobacter	5	0	1	1	nan	1
Pacificoceanicola	4	0	1	1	nan	1
Paenalcaligenes	5	0	1	1	nan	1
Paenalicyclobacillus	5	0	3	4	0.6154	0
Paenarthrobacter	7	0	1	1	nan	1
Paenibacillus	319	14	29	37	0.9341	0
Paeniglutamicibacter	9	0	1	1	nan	1
Paenilisteria	5	0	1	1	nan	1
Paenimyroides	6	1	1	1	nan	1
Paenirhizobium	4	0	1	1	nan	1
Paenirhodobacter	5	0	1	1	nan	1
Paenisporosarcina	5	0	1	1	nan	1
Palleronia	9	0	1	1	nan	1
Paludibacterium	5	0	1	2	0.0	0
Paludisphaera	4	0	1	1	nan	1
Pandoraea	28	0	1	1	nan	1
Pannonibacter	5	0	1	1	nan	1
Pantoea	32	1	1	3	0.0	0
Parabacteroides	22	0	1	2	0.0	0
Paraburkholderia	97	4	1	1	nan	1
Paracidovorax	8	0	1	1	nan	1
Paraclostridium	6	0	1	1	nan	1
Paracoccus	97	0	1	1	nan	1
Paractinoplanes	19	0	1	1	nan	1
Paraflavitalea	4	0	1	1	nan	1
Parafrankia	5	0	1	1	nan	1
Paragemmobacter	5	0	1	1	nan	1
Parageobacillus	5	0	1	3	0.0	0
Paraglaciecola	9	1	1	1	nan	1
Paraliobacillus	4	1	1	2	0.0	0
Paramagnetospirillum	5	0	1	1	nan	1
Paramesorhizobium	4	0	1	1	nan	1
Paramicrobacterium	5	0	1	1	nan	1
Paraniabella	4	0	1	1	nan	1
Parapedobacter	12	0	1	1	nan	1
Pararhizobium	7	0	2	2	1.0	0
Pararhodobacter	4	0	1	1	nan	1
Parasedimentitalea	5	0	1	1	nan	1
Parashewanella	4	0	1	1	nan	1
Parasphingomonas	5	0	1	1	nan	1
Parasphingorhabdus	5	1	1	1	nan	1
Parerythrobacter	4	1	1	2	0.0	0
Parvimonas	4	0	1	1	nan	1
Parvularcula	7	0	4	1	0.0	0
Pasteurella	7	0	1	3	0.0	0
Patulibacter	5	1	1	1	nan	1
Paucilactobacillus	7	1	1	1	nan	1
Pectinatus	5	0	1	1	nan	1
Pectobacterium	26	0	1	2	0.0	0
Pediococcus	11	0	2	1	0.0	0
Pedobacter	92	2	3	3	1.0	0
Pedococcus	6	1	1	2	0.0	0
Pelagerythrobacter	4	0	1	1	nan	1
Pelagibacterium	11	0	1	1	nan	1
Pelistega	4	0	1	1	nan	1
Pelomonas	10	0	1	1	nan	1
Pelotomaculum	4	0	1	3	0.0	0
Peptoniphilus	27	0	7	6	0.8186	0
Peptostreptococcus	7	0	1	1	nan	1
Peribacillus	20	2	3	4	0.9368	0
Periweissella	5	0	1	1	nan	1
Peteryoungia	7	0	1	1	nan	1
Petrotoga	5	1	1	1	nan	1
Phaeobacter	7	0	1	1	nan	1
Phenylobacterium	15	1	2	2	1.0	0
Phocaeicola	16	2	1	1	nan	1
Photobacterium	46	0	1	1	nan	1
Photorhabdus	25	1	1	1	nan	1
Phreatobacter	4	1	1	1	nan	1
Phycicoccus	8	1	1	2	0.0	0
Phyllobacterium	13	1	1	2	0.0	0
Phytoactinopolyspora	6	0	1	2	0.0	0
Phytobacter	3	1	1	2	0.0	0
Phytohabitans	7	0	1	1	nan	1
Phytopseudomonas	6	0	1	1	nan	1
Pigmentiphaga	6	0	2	1	0.0	0
Planctomicrobium	5	0	2	1	0.0	0
Planktothrix	5	0	1	1	nan	1
Planococcus	31	1	1	2	0.0	0
Planomonospora	4	1	1	2	0.0	0
Planosporangium	4	0	1	1	nan	1
Planotetraspora	5	0	1	1	nan	1
Plantactinospora	8	0	1	2	0.0	0
Pleomorphomonas	4	0	1	1	nan	1
Polaribacter	30	0	1	1	nan	1
Polaromonas	8	0	1	1	nan	1
Pollutimonas	6	0	1	4	0.0	0
Polyangium	5	1	1	1	nan	1
Polynucleobacter	31	0	2	1	0.0	0
Pontibacillus	7	0	1	2	0.0	0
Pontibacter	44	2	1	1	nan	1
Pontivivens	4	0	1	1	nan	1
Pontixanthobacter	5	0	1	1	nan	1
Porphyromonas	20	1	10	2	0.0914	0
Poseidonibacter	4	0	1	1	nan	1
Prauserella	15	0	1	4	0.0	0
Prescottella	5	0	1	1	nan	1
Prevotella	31	5	4	2	0.1985	0
Priestia	10	0	3	5	0.5055	0
Primorskyibacter	4	0	1	2	0.0	0
Promicromonospora	11	2	1	1	nan	1
Propionibacterium	5	0	1	1	nan	1
Propioniciclava	5	0	2	1	0.0	0
Propionivibrio	3	1	1	1	nan	1
Prosthecobacter	6	1	1	1	nan	1
Prosthecochloris	4	0	1	1	nan	1
Proteus	11	0	1	1	nan	1
Providencia	17	0	1	1	nan	1
Pseudaeromonas	3	1	1	1	nan	1
Pseudalkalibacillus	4	0	1	1	nan	1
Pseudanabaena	7	0	1	1	nan	1
Pseudaquabacterium	4	0	1	1	nan	1
Pseudarthrobacter	16	11	1	1	nan	1
Pseudidiomarina	23	1	1	1	nan	1
Pseudoalteromonas	56	1	3	1	0.0	0
Pseudoblastomonas	4	0	1	2	0.0	0
Pseudochrobactrum	7	0	1	1	nan	1
Pseudocitrobacter	4	0	1	1	nan	1
Pseudoclavibacter	6	0	3	2	0.4444	0
Pseudodesulfovibrio	17	1	2	1	0.0	0
Pseudoduganella	19	0	1	1	nan	1
Pseudoflavonifractor	5	0	1	3	0.0	0
Pseudofrankia	4	0	1	1	nan	1
Pseudogemmobacter	7	0	1	1	nan	1
Pseudolactococcus	9	2	1	1	nan	1
Pseudomaricurvus	4	0	1	1	nan	1
Pseudomonas	362	29	2	12	0.2325	0
Pseudonocardia	45	4	2	1	0.0	0
Pseudooceanicola	15	2	2	2	-0.0448	0
Pseudophaeobacter	4	0	1	1	nan	1
Pseudorhizobium	8	0	1	1	nan	1
Pseudorhodobacter	5	0	1	1	nan	1
Pseudotabrizicola	4	0	1	1	nan	1
Pseudothauera	4	0	1	1	nan	1
Pseudothermotoga	5	0	2	3	0.2857	0
Pseudovibrio	7	0	1	1	nan	1
Pseudoxanthomonas	22	2	1	2	0.0	0
Psychrobacillus	10	1	1	1	nan	1
Psychrobacter	45	0	1	1	nan	1
Psychroflexus	16	0	2	1	0.0	0
Psychromicrobium	4	0	1	1	nan	1
Psychromonas	10	0	1	1	nan	1
Psychroserpens	8	1	1	1	nan	1
Psychrosphaera	6	0	2	1	0.0	0
Pyrobaculum	6	1	1	1	nan	1
Pyrococcus	6	0	1	1	nan	1
Pyrodictium	3	1	1	1	nan	1
Pyxidicoccus	5	0	1	1	nan	1
Qipengyuania	37	3	1	6	0.0	0
Rahnella	15	0	1	1	nan	1
Ralstonia	17	1	1	1	nan	1
Ramlibacter	18	1	1	1	nan	1
Rathayibacter	12	0	2	2	1.0	0
Reichenbachiella	6	0	2	1	0.0	0
Reinekea	5	0	2	1	0.0	0
Reyranella	4	0	1	1	nan	1
Rheinheimera	23	1	1	2	0.0	0
Rhizobacter	3	1	1	3	0.0	0
Rhizobium	70	5	1	9	0.0	0
Rhizorhabdus	6	0	1	1	nan	1
Rhodanobacter	17	2	1	2	0.0	0
Rhodobacter	9	1	1	3	0.0	0
Rhodococcoides	6	0	1	1	nan	1
Rhodococcus	43	7	2	6	0.0304	0
Rhodoferax	12	0	1	4	0.0	0
Rhodohalobacter	4	0	1	1	nan	1
Rhodopirellula	6	0	2	2	1.0	0
Rhodoplanes	5	0	1	1	nan	1
Rhodopseudomonas	8	2	2	4	0.3125	0
Rhodovulum	13	0	1	1	nan	1
Rickettsia	26	2	1	1	nan	1
Robertkochia	5	0	1	1	nan	1
Robertmurraya	9	0	1	2	0.0	0
Robiginitalea	6	2	1	1	nan	1
Rodentibacter	10	0	1	1	nan	1
Romboutsia	8	0	1	7	0.0	0
Roseateles	23	0	1	11	0.0	0
Roseburia	11	0	3	6	0.3304	0
Roseibium	18	0	1	1	nan	1
Roseicyclus	7	0	1	2	0.0	0
Roseinatronobacter	6	0	1	1	nan	1
Roseivirga	7	0	1	1	nan	1
Roseivivax	7	0	1	1	nan	1
Roseixanthobacter	5	0	1	1	nan	1
Rosenbergiella	6	0	1	1	nan	1
Roseobacter	9	1	1	1	nan	1
Roseococcus	4	0	1	1	nan	1
Roseofilum	5	0	1	1	nan	1
Roseomonas	16	0	2	4	0.6418	0
Roseospira	4	0	1	1	nan	1
Roseovarius	39	1	1	1	nan	1
Rossellomorea	9	0	1	1	nan	1
Rothia	16	1	2	1	0.0	0
Rouxiella	4	0	1	1	nan	1
Ruania	7	0	1	1	nan	1
Rubellimicrobium	6	0	1	1	nan	1
Rubripirellula	5	0	1	1	nan	1
Rubritalea	5	0	1	1	nan	1
Rubrivirga	4	0	1	1	nan	1
Rubrivivax	4	0	1	1	nan	1
Rubrobacter	9	0	4	7	0.3415	0
Ruegeria	21	1	1	3	0.0	0
Rufibacter	13	1	1	1	nan	1
Rugamonas	7	0	1	1	nan	1
Ruminiclostridium	7	0	1	1	nan	1
Ruminococcus	9	2	7	7	0.3571	0
Runella	7	0	1	1	nan	1
Saccharibacillus	7	0	1	1	nan	1
Saccharolobus	4	0	1	1	nan	1
Saccharomonospora	11	0	1	2	0.0	0
Saccharopolyspora	35	2	1	3	0.0	0
Saccharospirillum	4	0	1	1	nan	1
Saccharothrix	21	3	1	1	nan	1
Salegentibacter	13	2	1	2	0.0	0
Salibacterium	5	0	1	1	nan	1
Salicibibacter	4	0	1	1	nan	1
Salimicrobium	6	0	1	1	nan	1
Salinarimonas	4	0	1	2	0.0	0
Salinibacter	4	0	1	1	nan	1
Salinicoccus	12	2	1	2	0.0	0
Salinicola	13	1	1	1	nan	1
Salinigranum	4	0	1	1	nan	1
Salinimicrobium	13	1	1	1	nan	1
Salinimonas	6	0	1	1	nan	1
Salinisphaera	5	1	1	1	nan	1
Salinispora	8	1	1	1	nan	1
Salinivibrio	5	1	1	1	nan	1
Salipaludibacillus	5	0	1	1	nan	1
Salipiger	11	0	1	1	nan	1
Sandarakinorhabdus	6	0	1	1	nan	1
Sanguibacter	9	0	1	2	0.0	0
Scandinavium	5	0	1	1	nan	1
Schaalia	13	0	2	1	0.0	0
Scytonema	4	0	1	2	0.0	0
Secundilactobacillus	14	2	1	1	nan	1
Sedimentitalea	5	0	1	1	nan	1
Sediminibacillus	5	0	1	2	0.0	0
Sediminibacterium	7	0	1	1	nan	1
Segatella	13	2	1	1	nan	1
Selenomonas	4	0	2	3	0.5714	0
Seonamhaeicola	4	1	1	1	nan	1
Serinicoccus	7	0	1	1	nan	1
Serratia	25	0	1	5	0.0	0
Shewanella	103	2	1	1	nan	1
Shigella	4	0	1	2	0.0	0
Shimia	13	0	1	4	0.0	0
Shinella	13	0	1	1	nan	1
Shouchella	12	0	1	1	nan	1
Silvimonas	4	0	1	1	nan	1
Simiduia	4	0	1	1	nan	1
Siminovitchia	6	1	1	1	nan	1
Simplicispira	6	1	1	1	nan	1
Singulisphaera	3	1	1	2	0.0	0
Sinomicrobium	5	2	1	1	nan	1
Sinomonas	14	1	1	1	nan	1
Sinorhizobium	17	1	1	1	nan	1
Skermanella	6	0	1	1	nan	1
Slackia	6	0	2	1	0.0	0
Sneathiella	7	1	1	1	nan	1
Sodalis	4	0	1	4	0.0	0
Solemya	4	0	3	3	1.0	0
Solibacillus	9	0	1	1	nan	1
Solidesulfovibrio	6	0	1	1	nan	1
Solilutibacter	4	0	1	1	nan	1
Solimonas	7	0	2	2	1.0	0
Solirubrobacter	4	1	1	1	nan	1
Solitalea	5	0	1	1	nan	1
Sphaerisporangium	14	1	1	1	nan	1
Sphaerochaeta	4	0	1	1	nan	1
Sphaerotilus	6	1	1	1	nan	1
Sphingobacterium	62	1	1	1	nan	1
Sphingobium	49	2	3	2	0.3063	0
Sphingomicrobium	11	0	1	1	nan	1
Sphingomonas	182	7	8	18	0.9849	0
Sphingopyxis	21	0	1	1	nan	1
Sphingorhabdus	8	0	1	1	nan	1
Sphingosinicella	5	0	2	2	1.0	0
Spiribacter	9	0	1	1	nan	1
Spirochaeta	4	1	4	4	nan	0
Spiroplasma	28	2	8	4	0.4154	0
Spirosoma	29	20	1	1	nan	1
Spongiibacter	6	0	1	1	nan	1
Sporolactobacillus	13	0	1	1	nan	1
Sporomusa	9	1	1	2	0.0	0
Sporosarcina	27	0	2	2	1.0	0
Stackebrandtia	4	0	1	1	nan	1
Stakelama	7	0	1	1	nan	1
Staphylococcus	70	0	1	1	nan	1
Stappia	6	0	1	2	0.0	0
Stenotrophomonas	34	4	1	2	0.0	0
Steroidobacter	4	1	1	1	nan	1
Stieleria	9	0	3	2	0.5714	0
Streptacidiphilus	13	0	1	1	nan	1
Streptantibioticus	5	0	1	4	0.0	0
Streptobacillus	5	0	1	1	nan	1
Streptococcus	141	17	2	1	0.0	0
Streptomonospora	8	1	1	1	nan	1
Streptomyces	776	55	5	6	0.0356	0
Streptosporangium	20	1	1	1	nan	1
Stutzerimonas	15	2	1	2	0.0	0
Subtercola	5	0	1	1	nan	1
Sulfitobacter	31	0	1	2	0.0	0
Sulfuriferula	4	0	1	1	nan	1
Sulfurimonas	16	2	2	2	1.0	0
Sulfurospirillum	10	0	3	3	1.0	0
Sulfurovum	6	2	1	1	nan	1
Sunxiuqinia	4	0	1	1	nan	1
Sutcliffiella	6	0	1	2	0.0	0
Sutterella	6	0	1	1	nan	1
Syntrophomonas	3	2	3	3	nan	0
Tabrizicola	8	0	1	3	0.0	0
Tahibacter	5	0	1	1	nan	1
Taibaiella	5	0	2	2	1.0	0
Tateyamaria	5	0	1	1	nan	1
Tatumella	6	0	1	1	nan	1
Tautonia	4	0	1	1	nan	1
Teichococcus	9	1	1	1	nan	1
Telluria	4	0	1	1	nan	1
Tenacibaculum	43	0	1	1	nan	1
Tepidibacillus	4	0	1	2	0.0	0
Tepidibacter	5	0	1	2	0.0	0
Tepidimonas	8	0	1	1	nan	1
Tepidiphilus	5	0	1	1	nan	1
Terasakiella	4	0	1	1	nan	1
Teredinibacter	5	0	1	1	nan	1
Terrabacter	8	1	1	1	nan	1
Terribacillus	4	0	1	1	nan	1
Terriglobus	5	0	3	1	0.0	0
Terrimonas	5	0	1	3	0.0	0
Terrisporobacter	7	0	1	1	nan	1
Tessaracoccus	15	1	3	1	0.0	0
Tetragenococcus	5	0	1	1	nan	1
Thalassobacillus	4	0	1	2	0.0	0
Thalassococcus	4	0	1	4	0.0	0
Thalassolituus	6	0	1	2	0.0	0
Thalassospira	14	0	1	1	nan	1
Thalassotalea	22	5	2	8	0.389	0
Thalassovita	7	0	1	2	0.0	0
Thauera	14	0	1	2	0.0	0
Thermoactinomyces	4	0	1	2	0.0	0
Thermoanaerobacter	8	0	1	1	nan	1
Thermoanaerobacterium	6	1	1	1	nan	1
Thermobifida	4	0	1	1	nan	1
Thermococcus	34	7	1	4	0.0	0
Thermocrinis	4	0	1	2	0.0	0
Thermodesulfobacterium	5	0	1	1	nan	1
Thermodesulfovibrio	4	2	1	1	nan	1
Thermogemmatispora	4	1	1	1	nan	1
Thermomonas	11	0	1	1	nan	1
Thermomonospora	6	0	1	1	nan	1
Thermophilibacter	4	0	1	1	nan	1
Thermosipho	7	0	1	3	0.0	0
Thermotoga	4	0	2	2	1.0	0
Thermus	27	1	1	2	0.0	0
Thioalkalivibrio	8	0	2	2	1.0	0
Thiocapsa	5	0	1	1	nan	1
Thioclava	11	0	1	1	nan	1
Thiomicrolovo	4	0	1	1	nan	1
Thiomicrorhabdus	11	1	1	1	nan	1
Thiomicrospira	4	0	1	1	nan	1
Thiomonas	4	1	1	2	0.0	0
Thiorhodococcus	4	0	1	2	0.0	0
Thiothrix	9	0	1	2	0.0	0
Thomasclavelia	4	0	1	1	nan	1
Tissierella	5	0	2	3	0.4444	0
Tomitella	4	0	1	1	nan	1
Treponema	24	1	14	6	0.216	0
Trichococcus	9	0	1	1	nan	1
Trinickia	11	1	1	2	0.0	0
Tritonibacter	6	0	1	1	nan	1
Tropicimonas	5	0	1	2	0.0	0
Trueperella	6	0	1	1	nan	1
Tsukamurella	11	2	1	1	nan	1
Tsuneonella	11	0	1	1	nan	1
Tumebacillus	7	0	1	2	0.0	0
Tunturiibacter	4	0	1	1	nan	1
Uliginosibacterium	6	1	1	2	0.0	0
Undibacterium	4	0	1	1	nan	1
Ureaplasma	7	0	5	1	0.0	0
Ureibacillus	14	1	1	1	nan	1
Vagococcus	24	0	6	6	0.9634	0
Vallitalea	5	1	2	2	1.0	0
Varibaculum	5	0	1	1	nan	1
Variovorax	38	3	1	2	0.0	0
Veillonella	22	0	1	2	0.0	0
Vibrio	171	8	2	2	1.0	0
Virgibacillus	31	4	2	15	0.0108	0
Vogesella	11	2	1	1	nan	1
Vreelandella	36	3	2	2	1.0	0
Vulcanisaeta	4	0	1	1	nan	1
Weissella	23	0	4	1	0.0	0
Wenyingzhuangia	5	1	1	1	nan	1
Wenzhouxiangella	5	0	1	1	nan	1
Williamsia	9	0	1	3	0.0	0
Winogradskyella	44	0	1	2	0.0	0
Xanthobacter	16	0	1	1	nan	1
Xanthomarina	4	0	1	1	nan	1
Xanthomonas	46	1	1	5	0.0	0
Xenorhabdus	33	3	1	1	nan	1
Xylanibacter	7	0	1	1	nan	1
Xylanimonas	5	0	1	2	0.0	0
Yersinia	26	1	1	1	nan	1
Yoonia	11	0	1	1	nan	1
Zhihengliuella	4	0	1	1	nan	1
Zhongshania	8	0	1	1	nan	1
Zobellella	6	0	1	1	nan	1
Zobellia	7	1	1	1	nan	1
Zoogloea	4	2	1	1	nan	1
Zunongwangia	5	0	1	1	nan	1
